level;deutsch
0;Haus
0;Hund
0;Katze
0;Baum
0;Buch
0;Wasser
0;Sonne
0;Tisch
0;Auto
0;Apfel
0;Milch
0;Rot
0;Mutter
0;Vater
0;Schule
1;Fenster
1;Stuhl
1;Schlüssel
1;Vogel
1;Zug
1;Wolke
1;Brücke
1;Küche
1;Pferd
1;Straße
1;Geschenk
1;Freund
1;Frühstück
1;Kirche
1;Himmel
2;Flughafen
2;Rechnung
2;Nachbar
2;Wissen
2;Erfahrung
2;Gesundheit
2;Umwelt
2;Wetter
2;Zahnarzt
2;Versuch
2;Gebäude
2;Wettbewerb
2;Geschwindigkeit
2;Unterricht
2;Verkehr
3;Entscheidung
3;Verantwortung
3;Gleichgewicht
3;Herausforderung
3;Zuverlässigkeit
3;Anforderung
3;Vertrauen
3;Beziehung
3;Voraussetzung
3;Wahrscheinlichkeit
3;Gewissen
3;Bewerbung
3;Schwierigkeit
3;Vorurteil
3;Nachhaltigkeit
4;Eichhörnchen
4;Rücksichtslos
4;Gleichgültigkeit
4;Beharrlichkeit
4;Zweideutig
4;Unentbehrlich
4;Vergänglichkeit
4;Gewährleistung
4;Selbstgefällig
4;Zwangsläufig
4;Verschwiegenheit
4;Glaubwürdigkeit
4;Beeinträchtigung
4;Schadenfreude
4;Unverzichtbar
